roman_urdu,urdu
maafi mango,معافی مانگو
usse maafi maango,اس سے معافی مانگو
maine maafi maang li,میں نے معافی مانگ لی
abhi ja kar maafi maango,ابھی جا کر معافی مانگو
kya usne maafi maangi,کیا اس نے معافی مانگی
bina maafi ke kaam nahi chalay ga,بنا معافی کے کام نہیں چلے گا
yaar maafi maang lo bas,یار معافی مانگ لو بس
usne seedhi maafi nahi maangi,اس نے سیدھی معافی نہیں مانگی
maafi maangna zaroori tha,معافی مانگنا ضروری تھا
tum se maafi mangta hun,تم سے معافی مانگتا ہوں
usne sirf maafi maangi aur chala gaya,اس نے صرف معافی مانگی اور چلا گیا
dil se maafi maangna chahiye tha,دل سے معافی مانگنا چاہیے تھا
kisi ki maafi kabool karna bhi badi baat hai,کسی کی معافی قبول کرنا بھی بڑی بات ہے
mujhe tumse maafi maangni chahiye thi par mujhe pata nahi tha,مجھے تم سے معافی مانگنی چاہیے تھی پر مجھے پتہ نہیں تھا
mafi maango yaar,معافی مانگو یار
usne mafi nahi maangi,اس نے معافی نہیں مانگی
mafi ke bina gussa nahi jayega,معافی کے بنا غصہ نہیں جائے گا
please mafi maang lo usse,پلیز معافی مانگ لو اس سے
koi mafi maange to bhi nahi manta,کوئی معافی مانگے تو بھی نہیں مانتا
mafi lena aur dena dono zaroori hain,معافی لینا اور دینا دونوں ضروری ہیں
usne mafi maang ke maamla khatam kiya,اس نے معافی مانگ کے معاملہ ختم کیا
aik baar mafi maang lo phir sab theek ho jayega,ایک بار معافی مانگ لو پھر سب ٹھیک ہو جائے گا
"mafi sirf zaban se nahi, dil se maango",معافی صرف زبان سے نہیں، دل سے مانگو
"tumne galti ki, ab mafi maango",تم نے غلطی کی، اب معافی مانگو
maafeey maang lo ab,معافی مانگ لو اب
kya usne maafeey maangi tumse,کیا اس نے معافی مانگی تم سے
maafeey maangna taqat ka kaam hai,معافی مانگنا طاقت کا کام ہے
maafiy maang lo bhai,معافی مانگ لو بھائی
usne maafiy maangi ya nahi,اس نے معافی مانگی یا نہیں
jo maazi mein hua so hua,جو ماضی میں ہوا سو ہوا
maazi ke baare mein mat socho,ماضی کے بارے میں مت سوچو
apna maazi bhool jao,اپنا ماضی بھول جاؤ
uska maazi bahut bura tha,اس کا ماضی بہت برا تھا
maazi mein return nahi ja sakta koi,ماضی میں واپس نہیں جا سکتا کوئی
tum apne maazi se bahut zyada chipke ho,تم اپنے ماضی سے بہت زیادہ چپکے ہو
maazi ki galtiyan yaad karke kya milta hai,ماضی کی غلطیاں یاد کر کے کیا ملتا ہے
iska maazi to bilkul saaf hai,اس کا ماضی تو بالکل صاف ہے
"maazi badal nahi sakta, aage badho",ماضی بدل نہیں سکتا، آگے بڑھو
uske maazi ke baare mein mat poochho,اس کے ماضی کے بارے میں مت پوچھو
mazi ko bhool ke aage badho,ماضی کو بھول کے آگے بڑھو
uska mazi bahut complicated hai,اس کا ماضی بہت کامپلیکیٹڈ ہے
mazi ki baatein dobara mat uthao,ماضی کی باتیں دوبارہ مت اٹھاؤ
mazi mein bhi aisa hi hua tha,ماضی میں بھی ایسا ہی ہوا تھا
mazi ko pakad ke baithna bhi koi zindagi hai,ماضی کو پکڑ کے بیٹھنا بھی کوئی زندگی ہے
jo mazi mein ho gaya use jaane do,جو ماضی میں ہو گیا اسے جانے دو
"mazi se seekho, magar mazi mein mat jio",ماضی سے سیکھو، مگر ماضی میں مت جیو
maazee ko chhod ke aage dekho,ماضی کو چھوڑ کے آگے دیکھو
uska maazee jaanta hun main,اس کا ماضی جانتا ہوں میں
maazee ki baatein karne se kuch nahi hota,ماضی کی باتیں کرنے سے کچھ نہیں ہوتا
maadee mein itna dara hua tha woh,ماضی میں اتنا ڈرا ہوا تھا وہ
maadee ki kahaniyan mat sunao mujhe,ماضی کی کہانیاں مت سناؤ مجھے
woh fail ho gaya,وہ فیل ہو گیا
main fail ho gayi phir se,میں فیل ہو گئی پھر سے
exam mein fail hua,امتحان میں فیل ہوا
kya tum fail ho gaye,کیا تم فیل ہو گئے
math mein fail ho gaya woh,میتھ میں فیل ہو گیا وہ
teen baar fail hua hai woh isi subject mein,تین بار فیل ہوا ہے وہ اسی سبجیکٹ میں
fail hone se zindagi khatam nahi hoti,فیل ہونے سے زندگی ختم نہیں ہوتی
agar fail ho gaye to phir doge,اگر فیل ہو گئے تو پھر دو گے
yaar fail ho gaya main to,یار فیل ہو گیا میں تو
result aaya to fail tha,رزلٹ آیا تو فیل تھا
sirf do marks se fail hua,صرف دو مارکس سے فیل ہوا
pata tha fail honga agar is tarah parhe,پتہ تھا فیل ہوں گا اگر اس طرح پڑھے
woh har saal fail hota hai aur kuch nahi karta,وہ ہر سال فیل ہوتا ہے اور کچھ نہیں کرتا
paper bahut mushkil tha isliye fail hua,پیپر بہت مشکل تھا اس لیے فیل ہوا
fail hone ke baad mama ne bahut daanta,فیل ہونے کے بعد ماما نے بہت ڈانٹا
ek subject mein fail tha baaki sab mein pass,ایک سبجیکٹ میں فیل تھا باقی سب میں پاس
kya tum fail ho gaye tha uss saal,کیا تم فیل ہو گئے تھے اس سال
fail hua to supplementary deni padegi,فیل ہوا تو سپلیمنٹری دینی پڑے گی
"aaj result hai, dar lag raha hai fail na ho jaun",آج رزلٹ ہے، ڈر لگ رہا ہے فیل نہ ہو جاؤں
woh feel ho gaya exam mein,وہ فیل ہو گیا امتحان میں
main feel ho gayi test mein,میں فیل ہو گئی ٹیسٹ میں
bhai feel ho gaya physics mein,بھائی فیل ہو گیا فزکس میں
pata tha feel hoga,پتہ تھا فیل ہو گا
feel hone ke baad bahut roya woh,فیل ہونے کے بعد بہت رویا وہ
kaash feel na hota,کاش فیل نہ ہوتا
feel na ho iss baar kisi tarah,فیل نہ ہو اس بار کسی طرح
feel hua to ghar mein jhagra hoga,فیل ہوا تو گھر میں جھگڑا ہو گا
dhyan rakho,دھیان رکھو
dhyan se suno,دھیان سے سنو
dhyan nahi diya tune,دھیان نہیں دیا تم نے
road pe dhyan rakho,روڈ پہ دھیان رکھو
kya dhyan hai tumhara,کیا دھیان ہے تمہارا
padhai pe dhyan do,پڑھائی پہ دھیان دو
apna dhyan rakho,اپنا دھیان رکھو
dhyan kahan hai tera,دھیان کہاں ہے تیرا
"khane pe dhyan do, phone baad mein dekh lena",کھانے پہ دھیان دو، فون بعد میں دیکھ لینا
koi dhyan nahi deta isko,کوئی دھیان نہیں دیتا اسے
"dhyan se karo kaam, galti ho jaati hai",دھیان سے کرو کام، غلطی ہو جاتی ہے
usne meri baat pe bilkul dhyan nahi diya,اس نے میری بات پہ بالکل دھیان نہیں دیا
gaadi chalaate waqt dhyan rakhna bahut zaroori hai,گاڑی چلاتے وقت دھیان رکھنا بہت ضروری ہے
bacchon ka dhyan rakhna maa ka kaam hai,بچوں کا دھیان رکھنا ماں کا کام ہے
dhayan rakhna apna,دھیان رکھنا اپنا
dhayan se suno kya keh raha hun,دھیان سے سنو کیا کہہ رہا ہوں
usne zyada dhayan nahi diya,اس نے زیادہ دھیان نہیں دیا
kaam pe dhayan do yaar,کام پہ دھیان دو یار
dhayan kahan hai tera,دھیان کہاں ہے تیرا
dheyaan se padho,دھیان سے پڑھو
dheyaan rakhna apna aur ghar waalon ka,دھیان رکھنا اپنا اور گھر والوں کا
dheyaan nahi tha mujhe,دھیان نہیں تھا مجھے
dhiaan se suno kya keh rahi hun,دھیان سے سنو کیا کہہ رہی ہوں
dhiaan kahan hai aaj tera,دھیان کہاں ہے آج تیرا
kisi ne dhiaan nahi diya,کسی نے دھیان نہیں دیا
dhiyan do baat pe,دھیان دو بات پہ
dhiyan hai ya nahi,دھیان ہے یا نہیں
dhiyan rakhna apna yahan,دھیان رکھنا اپنا یہاں
bachon pe dhiyan rakho,بچوں پہ دھیان رکھو
dhyaan do padhai pe,دھیان دو پڑھائی پہ
dhyaan se karo kaam,دھیان سے کرو کام
dhyaan rakhna yaar,دھیان رکھنا یار
dhyaan nahi tha tumhara,دھیان نہیں تھا تمہارا
khel mein itna dhyaan mat do,کھیل میں اتنا دھیان مت دو
yeh kaam chhod do,یہ کام چھوڑ دو
usse chhod do,اسے چھوڑ دو
mujhe chhod ke mat jao,مجھے چھوڑ کے مت جاؤ
yeh buri aadat chhod do,یہ بری عادت چھوڑ دو
sab chhod ke gaya woh,سب چھوڑ کے گیا وہ
phone chhod aur khaana khao,فون چھوڑ اور کھانا کھاؤ
naukri chhod di usne,نوکری چھوڑ دی اس نے
yaar yeh topic chhod yaar,یار یہ ٹاپک چھوڑ یار
shaher chhod ke gaye woh log,شہر چھوڑ کے گئے وہ لوگ
chhod do yeh puraani baatein,چھوڑ دو یہ پرانی باتیں
cigarette chhod di maine,سگریٹ چھوڑ دی میں نے
kaam beech mein chhod ke mat jao,کام بیچ میں چھوڑ کے مت جاؤ
yeh sab chor aur aao,یہ سب چھوڑ اور آؤ
chor do yeh baatein,چھوڑ دو یہ باتیں
usse chor ke aa gayi woh,اسے چھوڑ کے آ گئی وہ
nasha chor do please,نشہ چھوڑ دو پلیز
chor yaar kya rakha hai isme,چھوڑ یار کیا رکھا ہے اس میں
bura chor ke acha dhundo,بُرا چھوڑ کے اچھا ڈھونڈو
chhodna easy nahi hota,چھوڑنا آسان نہیں ہوتا
usne chhodna theek samjha,اس نے چھوڑنا ٹھیک سمجھا
main nahi chahta chhodna yeh sab,میں نہیں چاہتا چھوڑنا یہ سب
yeh dost chhodna bahut mushkil tha,یہ دوست چھوڑنا بہت مشکل تھا
mobile chhodna padega kuch waqt ke liye,موبائل چھوڑنا پڑے گا کچھ وقت کے لیے
usne khud chhudna chahiya tha,اس نے خود چھوڑنا چاہیے تھا
chhudna easy lagta hai par hota nahi,چھوڑنا آسان لگتا ہے پر ہوتا نہیں
chhodo yaar kya fayda,چھوڑو یار کیا فائدہ
chhodo isko mat uljhao khud ko,چھوڑو اسے مت الجھاؤ خود کو
chhodo ab yeh baat,چھوڑو اب یہ بات
chhodo na yaar hone do,چھوڑو نا یار ہونے دو
chhodo is topic ko aage badho,چھوڑو اس ٹاپک کو آگے بڑھو
chhodo iss waqt yeh soch raho kuch aur,چھوڑو اس وقت یہ سوچ رہو کچھ اور
yeh business badhna chahiye,یہ بزنس بڑھنا چاہیے
mujhe aage badhna hai,مجھے آگے بڑھنا ہے
prices ka badhna rok nahi saktay,قیمتوں کا بڑھنا روک نہیں سکتے
usne badhna chhor diya,اس نے بڑھنا چھوڑ دیا
yeh kaam karte rahne se hi badhna possible hai,یہ کام کرتے رہنے سے ہی بڑھنا پوسیبل ہے
sehat ka badhna achha sign hai bacche mein,صحت کا بڑھنا اچھا سائن ہے بچے میں
traffic ka badhna ek badi problem hai,ٹریفک کا بڑھنا ایک بڑی پرابلم ہے
zindagi mein badhna zaroori hai ruk jaana nahi,زندگی میں بڑھنا ضروری ہے رک جانا نہیں
mehnat karo to badhna pakka hai,محنت کرو تو بڑھنا پکا ہے
waqt ke saath badhna seekhna chahiye,وقت کے ساتھ بڑھنا سیکھنا چاہیے
naye kaam mein badhna pehle slow hota hai,نئے کام میں بڑھنا پہلے سلو ہوتا ہے
isko abhi badhnaa hai,اسے ابھی بڑھنا ہے
mehnat ke bagair badhnaa mushkil hai,محنت کے بغیر بڑھنا مشکل ہے
bacche ka badhnaa dekh ke khushi hoti hai,بچے کا بڑھنا دیکھ کے خوشی ہوتی ہے
salary ka badhnaa zaroori hai,تنخواہ کا بڑھنا ضروری ہے
"apne aap ko badhnaa hota hai, dusro pe depend nahi rehna",اپنے آپ کو بڑھنا ہوتا ہے، دوسروں پہ ڈیپنڈ نہیں رہنا
yahan se badhana hi theek rahega,یہاں سے بڑھنا ہی ٹھیک رہے گا
uska badhana band ho gaya tha bimari ki wajah se,اس کا بڑھنا بند ہو گیا تھا بیماری کی وجہ سے
"badhana ek process hai, time lagta hai",بڑھنا ایک پروسیس ہے، ٹائم لگتا ہے
"yeh maafi ka waqt nahi tha, yeh galti ki baat thi",یہ معافی کا وقت نہیں تھا، یہ غلطی کی بات تھی
maafi maangna asan nahi hota sab ke liye,معافی مانگنا آسان نہیں ہوتا سب کے لیے
usne sirf ek maafi mein sab bhool gaye,اس نے صرف ایک معافی میں سب بھول گئے
mafi maangne ke baad bhi trust nahi bana,معافی مانگنے کے بعد بھی ٹرسٹ نہیں بنا
maazi mein koi bhi wapis nahi ja sakta,ماضی میں کوئی بھی واپس نہیں جا سکتا
apna maazi jaan'na chahte ho to purana album dekho,اپنا ماضی جاننا چاہتے ہو تو پرانا ایلبم دیکھو
mazi ki galtiyan aaj ka bojh nahi banni chahiye,ماضی کی غلطیاں آج کا بوجھ نہیں بننی چاہیے
"sab dost pass ho gaye, main akela fail hua",سب دوست پاس ہو گئے، میں اکیلا فیل ہوا
class mein fail hona sharmindagi ki baat nahi,کلاس میں فیل ہونا شرمندگی کی بات نہیں
"uss saal fail hua, agli saal double mehnat ki",اس سال فیل ہوا، اگلی سال ڈبل محنت کی
fail ho bhi gaye to dobara koshish karo,فیل ہو بھی گئے تو دوبارہ کوشش کرو
ghar ja,گھر جا
ghar jao,گھر جاؤ
ghar aa jao,گھر آ جاؤ
ghar par hun,گھر پر ہوں
ghar pe hun,گھر پہ ہوں
ghar nahi hun,گھر نہیں ہوں
woh ghar gaya,وہ گھر گیا
main ghar ja raha hun,میں گھر جا رہا ہوں
ghar pahonch gaya,گھر پہنچ گیا
ghar kab aoge,گھر کب آؤ گے
aaj ghar raho,آج گھر رہو
kya tum ghar ho,کیا تم گھر ہو
ghar se nikal,گھر سے نکل
ghar band kar lo,گھر بند کر لو
ghar ka khaana khao,گھر کا کھانا کھاؤ
kal ghar aana,کل گھر آنا
raat ko ghar aa jana,رات کو گھر آ جانا
ghar mein sab theek hai,گھر میں سب ٹھیک ہے
yaar ghar chhod aao pehle,یار گھر چھوڑ آؤ پہلے
ghar wale kya kehte hain,گھر والے کیا کہتے ہیں
seedha ghar jao kahi mat ruko,سیدھا گھر جاؤ کہیں مت رکو
ghar mein akele hoon aaj,گھر میں اکیلے ہوں آج
ghar ka kiraaya bahut zyada hai,گھر کا کرایہ بہت زیادہ ہے
naya ghar le liya unhone,نیا گھر لے لیا انہوں نے
ghar se kaam kar raha hun aaj,گھر سے کام کر رہا ہوں آج
mere sath aa,میرے ساتھ آ
mere sath chalo,میرے ساتھ چلو
unke sath ja raha hun,ان کے ساتھ جا رہا ہوں
kya tum mere sath ho,کیا تم میرے ساتھ ہو
woh mere sath hai,وہ میرے ساتھ ہے
apne dost ke sath gaya,اپنے دوست کے ساتھ گیا
sath mein khana khate hain,ساتھ میں کھانا کھاتے ہیں
kisi ke sath mat jao,کسی کے ساتھ مت جاؤ
hum sath sath chalte hain,ہم ساتھ ساتھ چلتے ہیں
usne mere sath aisa kiya,اس نے میرے ساتھ ایسا کیا
mere sath baar baar aisa hota hai,میرے ساتھ بار بار ایسا ہوتا ہے
tum mere sath kyu nahi aaye,تم میرے ساتھ کیوں نہیں آئے
woh apni amma ke sath aayi,وہ اپنی اماں کے ساتھ آئی
sath hota to thik hota,ساتھ ہوتا تو ٹھیک ہوتا
mujhe kisi ke sath rehna pasand nahi,مجھے کسی کے ساتھ رہنا پسند نہیں
sab ke sath achi tarah pesh aao,سب کے ساتھ اچھی طرح پیش آؤ
ghar waalon ke sath waqt bitao,گھر والوں کے ساتھ وقت بتاؤ
yaar sath mein baitho yahan,یار ساتھ میں بیٹھو یہاں
kal mere sath chalna bazaar,کل میرے ساتھ چلنا بازار
uske sath rehna asan nahi tha,اس کے ساتھ رہنا آسان نہیں تھا
mujhe dar lag raha hai,مجھے ڈر لگ رہا ہے
dar mat,ڈر مت
dar kyun raha hai,ڈر کیوں رہا ہے
koi dar nahi,کوئی ڈر نہیں
mujhe dar lagta hai andheron se,مجھے ڈر لگتا ہے اندھیروں سے
woh bahut darta hai,وہ بہت ڈرتا ہے
isse daro mat,اس سے ڈرو مت
yaar dar gaya main,یار ڈر گیا میں
itna dar kya hai,اتنا ڈر کیا ہے
usse koyi dar nahi,اسے کوئی ڈر نہیں
andheron se dar lagta hai mujhe,اندھیروں سے ڈر لگتا ہے مجھے
dar ke wajah se nahi gaya,ڈر کے وجہ سے نہیں گیا
dar ko chhod ke aage badho,ڈر کو چھوڑ کے آگے بڑھو
bacchon ko iss cheez se bahut dar lagta hai,بچوں کو اس چیز سے بہت ڈر لگتا ہے
dar mujhe bhi lag raha tha yaar,ڈر مجھے بھی لگ رہا تھا یار
kya tumhe bhi dar laga,کیا تمہیں بھی ڈر لگا
akele dar lagta hai raat ko,اکیلے ڈر لگتا ہے رات کو
dar ke mare chup raha,ڈر کے مارے چپ رہا
usse ajeeb cheez se dar lagta hai,اسے عجیب چیز سے ڈر لگتا ہے
kuch nahi hoga daro mat,کچھ نہیں ہو گا ڈرو مت
bas karo ab,بس کرو اب
bas bhi karo,بس بھی کرو
bas yahi chahiye tha,بس یہی چاہیے تھا
bas ho gaya,بس ہو گیا
bas ek minute,بس ایک منٹ
bas ab chup raho,بس اب چپ رہو
main bas dekh raha tha,میں بس دیکھ رہا تھا
bas thoda sa aur,بس تھوڑا سا اور
yaar bas kar yeh drama,یار بس کر یہ ڈرامہ
bas ek kaam karo,بس ایک کام کرو
bas itna hi karna tha,بس اتنا ہی کرنا تھا
bas waqt barbad kiya,بس وقت برباد کیا
woh bas aa raha tha,وہ بس آ رہا تھا
bas kuch nahi sochna,بس کچھ نہیں سوچنا
subah ki bas miss ho gayi,صبح کی بس مس ہو گئی
bas mein saath bethna mujhe pasand nahi,بس میں ساتھ بیٹھنا مجھے پسند نہیں
bas le lo warna der ho jayegi,بس لے لو ورنہ دیر ہو جائے گی
school ki bas aati hai dus baje,اسکول کی بس آتی ہے دس بجے
aaj bas nahi aayi,آج بس نہیں آئی
bas wali gali mein utaarna,بس والی گلی میں اتارنا
bahar jao,باہر جاؤ
bahar aa jao,باہر آ جاؤ
main bahar hun,میں باہر ہوں
bahar mat jao abhi,باہر مت جاؤ ابھی
woh bahar gaya,وہ باہر گیا
bahar bahut garmi hai,باہر بہت گرمی ہے
bahar se aa raha hun,باہر سے آ رہا ہوں
bahar khaana khayein,باہر کھانا کھائیں
bahar nikal ke baat karo,باہر نکل کے بات کرو
bahar se darwaza band karo,باہر سے دروازہ بند کرو
kya bahar barish ho rahi hai,کیا باہر بارش ہو رہی ہے
bahar andheera ho gaya,باہر اندھیرا ہو گیا
bahar bahut shor hai,باہر بہت شور ہے
bahar ka mausam acha hai aaj,باہر کا موسم اچھا ہے آج
raat ko bahar mat jao akele,رات کو باہر مت جاؤ اکیلے
bahar gaye the ghumne,باہر گئے تھے گھومنے
uska kaam bahar ka hai,اس کا کام باہر کا ہے
bahar wale shor macha rahe hain,باہر والے شور مچا رہے ہیں
bahar wala khana ghar se sasta padta hai kabhi kabhi,باہر کا کھانا گھر سے سستا پڑتا ہے کبھی کبھی
bahar bohot dhoop hai zara sunscreen laga lena,باہر بہت دھوپ ہے ذرا سنسکرین لگا لینا
kal aana,کل آنا
kal milte hain,کل ملتے ہیں
kal gaya tha,کل گیا تھا
kal nahi aa sakta,کل نہیں آ سکتا
kal kya hua,کل کیا ہوا
kal school nahi tha,کل اسکول نہیں تھا
kal raat neend nahi aayi,کل رات نیند نہیں آئی
kal ka wait kar rahe hain,کل کا انتظار کر رہے ہیں
kal se kaam shuru karein ge,کل سے کام شروع کریں گے
kal ki baat hai,کل کی بات ہے
kal mausam bahut kharab tha,کل موسم بہت خراب تھا
kal milna zaroor,کل ملنا ضرور
kal subah aana seedha yahan,کل صبح آنا سیدھا یہاں
jo kal hua woh mat socho,جو کل ہوا وہ مت سوچو
kal din bhar ghar par raha,کل دن بھر گھر پر رہا
kal raat ka khana bhi nahi khaya tha,کل رات کا کھانا بھی نہیں کھایا تھا
kal test tha aur main tayyar nahi tha,کل ٹیسٹ تھا اور میں تیار نہیں تھا
kal office mein bahut kaam tha,کل آفس میں بہت کام تھا
aaj ka din acha gaya,آج کا دن اچھا گیا
poora din kaam kiya,پورا دن کام کیا
yeh din yaad rahega,یہ دن یاد رہے گا
har din aisa hona chahiye,ہر دن ایسا ہونا چاہیے
din bhar thaka hua hun,دن بھر تھکا ہوا ہوں
kuch din aur ruko,کچھ دن اور رکو
teen din baad aaun ga,تین دن بعد آؤں گا
din charhte charhte aa gaya,دن چڑھتے چڑھتے آ گیا
yeh kaunsa din hai,یہ کونسا دن ہے
din bhar so ta raha,دن بھر سوتا رہا
aaj bahut bura din tha,آج بہت برا دن تھا
ek din main zaroor aaoonga,ایک دن میں ضرور آؤں گا
in dino bahut busy hun,ان دنوں بہت بزی ہوں
din dhale baad mein aao,دن ڈھلے بعد میں آؤ
pehle din se hi acha lag raha tha,پہلے دن سے ہی اچھا لگ رہا تھا
kuch din ke liye bahar ja raha hun,کچھ دن کے لیے باہر جا رہا ہوں
uss din kya hua tha tumhare sath,اس دن کیا ہوا تھا تمہارے ساتھ
yeh din kaafi mushkil tha mere liye,یہ دن کافی مشکل تھا میرے لیے
nazar mat lagao,نظر مت لگاؤ
uski nazar achi hai,اس کی نظر اچھی ہے
kisi ki nazar na lage,کسی کی نظر نہ لگے
meri nazar kamzor ho gayi,میری نظر کمزور ہو گئی
uski nazar iss cheez par hai,اس کی نظر اس چیز پر ہے
nazar aa raha hai kuch,نظر آ رہا ہے کچھ
nazar se ojhal ho gaya woh,نظر سے اوجھل ہو گیا وہ
nazar rakhna iss pe,نظر رکھنا اس پہ
doctor ne kaha nazar kamzor hai,ڈاکٹر نے کہا نظر کمزور ہے
nazar aata hai par pakad nahi sakta,نظر آتا ہے پر پکڑ نہیں سکتا
teri nazar meri taraf kyu thi,تیری نظر میری طرف کیوں تھی
nazar utaar lo uski,نظر اتار لو اس کی
"bacha hai, nazar lag jaati hai",بچہ ہے، نظر لگ جاتی ہے
kuch nazar nahi aa raha andheron mein,کچھ نظر نہیں آ رہا اندھیروں میں
uski nazar mere phone pe thi,اس کی نظر میرے فون پہ تھی
saman pack kar lo,سامان پیک کر لو
mera saman kahan hai,میرا سامان کہاں ہے
itna saman kahan se laye,اتنا سامان کہاں سے لائے
saman utha ke aa jao,سامان اٹھا کے آ جاؤ
ghar ka saman shift karna hai,گھر کا سامان شفٹ کرنا ہے
zyada saman mat lena safar mein,زیادہ سامان مت لینا سفر میں
saman bhar gaya hai andar,سامان بھر گیا ہے اندر
airport pe saman check in karo,ائرپورٹ پہ سامان چیک اِن کرو
saman kho gaya tha,سامان کھو گیا تھا
tera saman yahan rakh diya,تیرا سامان یہاں رکھ دیا
saman uthane mein madad karo,سامان اٹھانے میں مدد کرو
ghar mein zyada saman aa gaya hai,گھر میں زیادہ سامان آ گیا ہے
saman dhang se rakho,سامان ڈھنگ سے رکھو
bacchon ka saman alag rakhna,بچوں کا سامان الگ رکھنا
gaadi mein saman fit nahi hua,گاڑی میں سامان فِٹ نہیں ہوا
mujhe pata hai,مجھے پتہ ہے
mujhe pata nahi,مجھے پتہ نہیں
kya pata tha,کیا پتہ تھا
pata nahi kahan gaya,پتہ نہیں کہاں گیا
pata chal gaya,پتہ چل گیا
pata nahi kyun,پتہ نہیں کیوں
tumhe pata tha na,تمہیں پتہ تھا نا
mujhe kuch pata nahi tha,مجھے کچھ پتہ نہیں تھا
pata chal jayega waqt ke sath,پتہ چل جائے گا وقت کے ساتھ
unhe kuch pata nahi,انہیں کچھ پتہ نہیں
kisi ko pata nahi chalna chahiye,کسی کو پتہ نہیں چلنا چاہیے
ghar ka pata bata do,گھر کا پتہ بتا دو
address pata karo pehle,ایڈریس پتہ کرو پہلے
us dukaan ka pata pata karo,اس دکان کا پتہ پتہ کرو
uska ghar ka pata bata,اس کا گھر کا پتہ بتا
yeh pata sahi hai na,یہ پتہ سہی ہے نا
mujhe pata tha yahi hoga,مجھے پتہ تھا یہی ہو گا
ab pata chala kyon der hua,اب پتہ چلا کیوں دیر ہوئی
pata hota to kab ka bata deta,پتہ ہوتا تو کب کا بتا دیتا
pata nahi usse kya problem hai,پتہ نہیں اسے کیا پرابلم ہے
data khatam ho gaya,ڈیٹا ختم ہو گیا
mobile ka data nahi hai,موبائل کا ڈیٹا نہیں ہے
data on karo,ڈیٹا آن کرو
data band kar lena batao,ڈیٹا بند کر لینا بتاؤ
data sasta nahi yahan,ڈیٹا سستا نہیں یہاں
package mein kitna data hai,پیکج میں کتنا ڈیٹا ہے
data use ho gaya tha poora,ڈیٹا استعمال ہو گیا تھا پورا
kuch data save karo pehle,کچھ ڈیٹا سیو کرو پہلے
backup le lo data ka,بیک اَپ لے لو ڈیٹا کا
data delete ho gaya mera,ڈیٹا ڈیلیٹ ہو گیا میرا
wifi pe data nahi lagta,وائی فائی پہ ڈیٹا نہیں لگتا
data slow ho raha hai network ka,ڈیٹا سلو ہو رہا ہے نیٹ ورک کا
zyada data use mat karo,زیادہ ڈیٹا استعمال مت کرو
mera data share karo thoda,میرا ڈیٹا شیئر کرو تھوڑا
data roaming on hai kya,ڈیٹا رومنگ آن ہے کیا
yahan utar jao,یہاں اتر جاؤ
gaadi se utar,گاڑی سے اتر
agli stop pe utar jaana,اگلی اسٹاپ پہ اتر جانا
utar gaya woh gaadi se,اتر گیا وہ گاڑی سے
main utar raha hun,میں اتر رہا ہوں
bus se utar ke seedha aa jao,بس سے اتر کے سیدھا آ جاؤ
pahad se utar na mushkil tha,پہاڑ سے اترنا مشکل تھا
dheere dheere utar raha tha,دھیرے دھیرے اتر رہا تھا
utar ke call karna,اتر کے کال کرنا
rickshaw se utar gaye,رکشہ سے اتر گئے
joote utaar ke andar aao,جوتے اتار کے اندر آؤ
jacket utaar do garmi lag rahi hai,جیکٹ اتار دو گرمی لگ رہی ہے
chashma utaar ke rakho,چشمہ اتار کے رکھو
kapray utaar ke dho dena,کپڑے اتار کے دھو دینا
ghadi utaar ke rakhi thi,گھڑی اتار کے رکھی تھی
maar mat,مار مت
usne maara mujhe,اس نے مارا مجھے
maar diya,مار دیا
kyu maara usne,کیوں مارا اس نے
bacche ko mat maaro,بچے کو مت مارو
usne bahut maara,اس نے بہت مارا
maar ke uthaya,مار کے اٹھایا
macchar ko maaro,مچھر کو مارو
jaan se maar dala,جان سے مار ڈالا
dil pe maar gayi baat,دل پہ مار گئی بات
yeh baat maar gayi,یہ بات مار گئی
garm dhoop maar rahi hai,گرم دھوپ مار رہی ہے
ghabrayo mat koi nahi maar raha,گھبراؤ مت کوئی نہیں مار رہا
bachpan mein bahut maar khaya,بچپن میں بہت مار کھایا
maar se nahi darted woh,مار سے نہیں ڈرتا وہ
maar ke bhi kuch nahi hota in pe,مار کے بھی کچھ نہیں ہوتا ان پہ
sale chal rahi hai,سیل چل رہی ہے
sale pe mila tha,سیل پہ ملا تھا
badi sale hai aaj,بڑی سیل ہے آج
sale mein kharida tha,سیل میں خریدا تھا
online sale hai kal se,آن لائن سیل ہے کل سے
sale pe sab sasta milta hai,سیل پہ سب سستا ملتا ہے
yeh kapray sale mein liye the,یہ کپڑے سیل میں لیے تھے
phone sale pe aa gaya hai,فون سیل پہ آ گیا ہے
eid sale bahut badi thi is baar,عید سیل بہت بڑی تھی اس بار
sale se pehle price check karo,سیل سے پہلے پرائس چیک کرو
50% sale chal rahi hai abhi,پچاس فیصد سیل چل رہی ہے ابھی
sale ke liye line mein khade hain,سیل کے لیے لائن میں کھڑے ہیں
aaj last day hai sale ka,آج آخری دن ہے سیل کا
yeh sale har saal aati hai,یہ سیل ہر سال آتی ہے
sale wali cheez return nahi hoti,سیل والی چیز ریٹرن نہیں ہوتی
wahi kiya jo kaha tha,وہی کیا جو کہا تھا
wahi aaya hai jo tha,وہی آیا ہے جو تھا
wahi baat phir se,وہی بات پھر سے
wahi problem hai abhi bhi,وہی پرابلم ہے ابھی بھی
wahi shaks tha,وہی شخص تھا
wahi time pe gaya,وہی ٹائم پہ گیا
wahi kar jo samajh mein aaye,وہی کر جو سمجھ میں آئے
wahi hoga jo hona tha,وہی ہو گا جو ہونا تھا
usi ne kiya tha wahi,اسی نے کیا تھا وہی
wahi cheez chahiye thi,وہی چیز چاہیے تھی
wahi number tha uska,وہی نمبر تھا اس کا
wahi hua jo mujhe pata tha,وہی ہوا جو مجھے پتہ تھا
yaar wahi ho gaya phir,یار وہی ہو گیا پھر
wahi galti dobara mat karna,وہی غلطی دوبارہ مت کرنا
wahi waala phone chahiye tha,وہی والا فون چاہیے تھا
wahi bol raha tha jo tum soch rahe ho,وہی بول رہا تھا جو تم سوچ رہے ہو
bahut bad insaan hai woh,بہت بد انسان ہے وہ
bad aadat hai yeh,بد عادت ہے یہ
bad qismat hun main,بد قسمت ہوں میں
iska bad naseeb hi tha,اس کا بد نصیب ہی تھا
bad kirdaar hai bilkul,بد کردار ہے بالکل
bad mash lag raha hai,بد معاش لگ رہا ہے
bad niyati se kaam kiya usne,بد نیتی سے کام کیا اس نے
itna bad kyun hai,اتنا بد کیوں ہے
bad zubaan banda hai,بد زبان بندہ ہے
bad mijaaj hai woh,بد مزاج ہے وہ
usne mani nahi,اس نے مانی نہیں
mani lo yaar,مانی لو یار
tune mani hai na,تم نے مانی ہے نا
baat mani us ne,بات مانی اس نے
kya tune mani,کیا تم نے مانی
mani nahi to maat lao,مانی نہیں تو مت لاؤ
usne meri baat mani,اس نے میری بات مانی
phir bhi mani nahi usne,پھر بھی مانی نہیں اس نے
mani ya nahi,مانی یا نہیں
kabhi mani nahi usne,کبھی مانی نہیں اس نے
is baat ke maani samajh nahi aaye,اس بات کے معنی سمجھ نہیں آئے
is lafz ke maani kya hain,اس لفظ کے معنی کیا ہیں
maani samjho pehle,معنی سمجھو پہلے
sahi maani mein nahi samjha,صحیح معنی میں نہیں سمجھا
in alfaaz ke maani bata do,ان الفاظ کے معنی بتا دو
main hun yahan,میں ہوں یہاں
main aa raha hun,میں آ رہا ہوں
main nahi aaya,میں نہیں آیا
main theek hun,میں ٹھیک ہوں
main soch raha tha,میں سوچ رہا تھا
main samjha nahi,میں سمجھا نہیں
main kya karu,میں کیا کروں
main bhi tha wahan,میں بھی تھا وہاں
main nahi chahta yeh,میں نہیں چاہتا یہ
main dekh raha hun,میں دیکھ رہا ہوں
main kal baat karta hun,میں کل بات کرتا ہوں
main tumhare sath hun,میں تمہارے ساتھ ہوں
main samajh gaya ab,میں سمجھ گیا اب
main pehle bhi keh chuka hun,میں پہلے بھی کہہ چکا ہوں
main aaj bahut thaka hua hun,میں آج بہت تھکا ہوا ہوں
yeh main road hai,یہ مین روڈ ہے
main gate pe aa jao,مین گیٹ پہ آ جاؤ
main hall mein baithna,مین ہال میں بیٹھنا
seedha main road pe aa jao,سیدھا مین روڈ پہ آ جاؤ
theek hun main,ٹھیک ہوں میں
thaka hua hun,تھکا ہوا ہوں
ghar pe hun,گھر پہ ہوں
abhi aata hun,ابھی آتا ہوں
soch raha hun,سوچ رہا ہوں
ja raha hun,جا رہا ہوں
khaana kha raha hun,کھانا کھا رہا ہوں
so raha tha hun,سو رہا تھا
aa raha hun do minute mein,آ رہا ہوں دو منٹ میں
busy hun thoda,بزی ہوں تھوڑا
baat kar raha hun,بات کر رہا ہوں
nahi hun wahan,نہیں ہوں وہاں
theek nahi hun aaj,ٹھیک نہیں ہوں آج
samajh nahi pa raha hun,سمجھ نہیں پا رہا ہوں
wait kar raha hun,انتظار کر رہا ہوں
kal se pareshan hun,کل سے پریشان ہوں
kuch nahi kar raha hun,کچھ نہیں کر رہا ہوں
dekh raha hun kya ho raha hai,دیکھ رہا ہوں کیا ہو رہا ہے
meri jaan,میری جان
jaan chhor do,جان چھوڑ دو
uski jaan khatray mein hai,اس کی جان خطرے میں ہے
yaar jaan chhodo meri,یار جان چھوڑو میری
jaan khatar mein daal di,جان خطر میں ڈال دی
teri jaan ki kasam,تیری جان کی قسم
jaan bachi to lakhon paaye,جان بچی تو لاکھوں پائے
apni jaan se zyada chahta hun tujhe,اپنی جان سے زیادہ چاہتا ہوں تجھے
jaan do yaar is baat ko,جان دو یار اس بات کو
itni badi jaan ka sawaal hai,اتنی بڑی جان کا سوال ہے
woh meri jaan hai,وہ میری جان ہے
jaan pe bann ayi,جان پہ بن آئی
haan theek hai,ہاں ٹھیک ہے
haan aa jao,ہاں آ جاؤ
haan main hun,ہاں میں ہوں
haan bhai kya hua,ہاں بھائی کیا ہوا
haan mujhe pata hai,ہاں مجھے پتہ ہے
haan yaar sahi keh raha hai,ہاں یار سہی کہہ رہا ہے
haan kar do,ہاں کر دو
haan kal milte hain,ہاں کل ملتے ہیں
haan wahi sochta tha main bhi,ہاں وہی سوچتا تھا میں بھی
haan bilkul,ہاں بالکل
haan kuch der mein aata hun,ہاں کچھ دیر میں آتا ہوں
haan pakka,ہاں پکا
haan bhai zaroor,ہاں بھائی ضرور
haan yaar kya karein ab,ہاں یار کیا کریں اب
haan uss din baat hui thi,ہاں اس دن بات ہوئی تھی
haan to ab kya plan hai,ہاں تو اب کیا پلان ہے
aman hona chahiye,امن ہونا چاہیے
desh mein aman ho,ملک میں امن ہو
ghar mein aman chahiye,گھر میں امن چاہیے
aman se raho,امن سے رہو
aman barbad kar diya usne,امن برباد کر دیا اس نے
aman chahte hain sab,امن چاہتے ہیں سب
aman hoga to sab theek hoga,امن ہو گا تو سب ٹھیک ہو گا
yeh ghar mera aman ka jagah tha,یہ گھر میرا امن کا جگہ تھا
aman chain se jeena chahte hain,امن چین سے جینا چاہتے ہیں
aman ke liye kuch bhi kar sakte hain,امن کے لیے کچھ بھی کر سکتے ہیں
bijli ka tar toot gaya,بجلی کا تار ٹوٹ گیا
tar jod do,تار جوڑ دو
tar kheench ke lao,تار کھینچ کے لاؤ
earphone ka tar kharab ho gaya,ایئرفون کا تار خراب ہو گیا
charger ka tar nahi mil raha,چارجر کا تار نہیں مل رہا
tar ulajh gaya,تار الجھ گیا
phone ka tar bahut chota hai,فون کا تار بہت چھوٹا ہے
tar se current aa raha hai,تار سے کرنٹ آ رہا ہے
koi tar nahi hai yahan,کوئی تار نہیں ہے یہاں
bijli ka tar nange haath se mat pakdo,بجلی کا تار ننگے ہاتھ سے مت پکڑو
data cable ka tar lao,ڈیٹا کیبل کا تار لاؤ
speaker ka tar laga do,اسپیکر کا تار لگا دو
mez par rakh do,میز پر رکھ دو
ghar par hun,گھر پر ہوں
woh darwaze par hai,وہ دروازے پر ہے
phone par baat karo,فون پر بات کرو
table par rakha tha,ٹیبل پر رکھا تھا
yeh par likh do,یہ پر لکھ دو
sofa par baitho,صوفہ پر بیٹھو
chhatt par mat jao,چھت پر مت جاؤ
zameen par baith gaya,زمین پر بیٹھ گیا
deewar par kuch likha tha,دیوار پر کچھ لکھا تھا
bed par so raha tha,بیڈ پر سو رہا تھا
uski nazar meri taraf par thi,اس کی نظر میری طرف پر تھی
school par ja raha hun,اسکول پر جا رہا ہوں
par kya karu main,پر کیا کروں میں
haan par abhi time nahi,ہاں پر ابھی ٹائم نہیں
chahiye tha par nahi mila,چاہیے تھا پر نہیں ملا
bahut koshish ki par kuch nahi hua,بہت کوشش کی پر کچھ نہیں ہوا
main aana chahta tha par kaam tha,میں آنا چاہتا تھا پر کام تھا
der se aaya par aa gaya,دیر سے آیا پر آ گیا
theek tha par thoda ajeeb laga,ٹھیک تھا پر تھوڑا عجیب لگا
phir milenge,پھر ملیں گے
phir aao,پھر آؤ
phir wahi hua,پھر وہی ہوا
phir kya kiya,پھر کیا کیا
phir bhi nahi aaya,پھر بھی نہیں آیا
phir se karoge kya,پھر سے کرو گے کیا
phir socho,پھر سوچو
phir pata nahi,پھر پتہ نہیں
phir theek ho jaayega,پھر ٹھیک ہو جائے گا
phir gaya woh,پھر گیا وہ
phir kal baat karte hain,پھر کل بات کرتے ہیں
phir se aayi wahi baat,پھر سے آئی وہی بات
kha lo phir sona,کھا لو پھر سونا
phir nahi miloge,پھر نہیں ملو گے
phir hoga kya,پھر ہو گا کیا
phir bhi dil nahi mana,پھر بھی دل نہیں مانا
phir se try karo,پھر سے ٹرائی کرو
dekho phir jaake,دیکھو پھر جا کے
phir baat karte hain kuch der mein,پھر بات کرتے ہیں کچھ دیر میں
phir tum ne wahi kiya jo karna tha hi nahi,پھر تم نے وہی کیا جو کرنا ہی نہیں تھا
sar dard ho raha hai,سر درد ہو رہا ہے
mera sar chakra raha hai,میرا سر چکرا رہا ہے
sar jhukaao mat kisi ke samne,سر جھکاؤ مت کسی کے سامنے
sar pe haath rakh diya,سر پہ ہاتھ رکھ دیا
sar uthao,سر اٹھاؤ
sar se paani guzar gaya,سر سے پانی گزر گیا
sar pe bojh hai bahut,سر پہ بوجھ ہے بہت
sar nahi chala mera,سر نہیں چلا میرا
sir ne class mein bulaya,سر نے کلاس میں بلایا
sir ka lecture kaafi lamba tha,سر کا لیکچر کافی لمبا تھا
sir se poochha to bata denge,سر سے پوچھا تو بتا دیں گے
sir aaj school mein nahi hain,سر آج اسکول میں نہیں ہیں
sir bahut strict hain,سر بہت سٹرکٹ ہیں
sir ko complaint mat karna,سر کو کمپلینٹ مت کرنا
kyu ro raha hai,کیوں رو رہا ہے
rona band karo,رونا بند کرو
rona mat,رونا مت
woh ro padi,وہ رو پڑی
rone se kuch nahi milta,رونے سے کچھ نہیں ملتا
main ro raha tha,میں رو رہا تھا
rone ki zaroorat nahi,رونے کی ضرورت نہیں
rona aa gaya mujhe,رونا آ گیا مجھے
baccha bahut roya,بچہ بہت رویا
roya to nahi tha uss waqt,رویا تو نہیں تھا اس وقت
andar se ro raha tha woh,اندر سے رو رہا تھا وہ
rone laga toh sab hairan ho gaye,رونے لگا تو سب حیران ہو گئے
rone ka dil kar raha tha,رونے کا دل کر رہا تھا
tum rona kyun shuru ho jate ho,تم رونا کیوں شروع ہو جاتے ہو
kisi ke samne rona mat,کسی کے سامنے رونا مت
rona aaya par roka khud ko,رونا آیا پر روکا خود کو
dil nahi lag raha,دل نہیں لگ رہا
dil kharab hai,دل خراب ہے
mera dil chahta hai,میرا دل چاہتا ہے
dil pe mat lo,دل پہ مت لو
dil se karo kaam,دل سے کرو کام
dil bhar aaya,دل بھر آیا
dil nahi kerta kuch,دل نہیں کرتا کچھ
dil toot gaya,دل ٹوٹ گیا
dil ko chain nahi,دل کو چین نہیں
dil ki baat karo,دل کی بات کرو
uska dil bahut acha hai,اس کا دل بہت اچھا ہے
dil ko sukoon mila,دل کو سکون ملا
iska dil dukhaya tune,اس کا دل دکھایا تم نے
dil mein rakho baat,دل میں رکھو بات
dil se maafi maango,دل سے معافی مانگو
dil nahi hai is mein,دل نہیں ہے اس میں
dil pe zor mat daalo,دل پہ زور مت ڈالو
jo dil kare karo,جو دل کرے کرو
dil bhar ke ro lo ek baar,دل بھر کے رو لو ایک بار
dil achi jagah pe hai uska,دل اچھی جگہ پہ ہے اس کا
ghar wale naraaz hain,گھر والے ناراض ہیں
ghar waali ne kaha,گھر والی نے کہا
ghar ka khaana,گھر کا کھانا
ghar ke kaam karo,گھر کے کام کرو
ghar mein jhagra ho gaya,گھر میں جھگڑا ہو گیا
ghar baith ke karo kaam,گھر بیٹھ کے کرو کام
ghar ka mahol theek nahi,گھر کا ماحول ٹھیک نہیں
ghar pe akele the,گھر پہ اکیلے تھے
ghar pe reh ke padhna,گھر پہ رہ کے پڑھنا
ghar ki yaad aa rahi hai,گھر کی یاد آ رہی ہے
ghar chhoda tab se,گھر چھوڑا تب سے
ghar mein khana pakao,گھر میں کھانا پکاؤ
ghar walon ko batao pehle,گھر والوں کو بتاؤ پہلے
ghar mein koi nahi tha,گھر میں کوئی نہیں تھا
apna ghar hota to alag baat thi,اپنا گھر ہوتا تو الگ بات تھی
kuch nahi hua,کچھ نہیں ہوا
kuch chahiye tha,کچھ چاہیے تھا
kuch bata do,کچھ بتا دو
kuch kha liya,کچھ کھا لیا
kuch acha hua,کچھ اچھا ہوا
kuch samjha nahi,کچھ سمجھا نہیں
kuch aur chahiye,کچھ اور چاہیے
kuch theek nahi lag raha,کچھ ٹھیک نہیں لگ رہا
kuch nahi pata tha,کچھ نہیں پتہ تھا
kuch to bolo,کچھ تو بولو
kuch der mein aata hun,کچھ دیر میں آتا ہوں
koi baat nahi,کوئی بات نہیں
koi nahi hai yahan,کوئی نہیں ہے یہاں
koi aa gaya,کوئی آ گیا
koi acha sa dhundo,کوئی اچھا سا ڈھونڈو
koi problem hai kya,کوئی پرابلم ہے کیا
koi nahi sunta,کوئی نہیں سنتا
koi pooch raha tha tumhe,کوئی پوچھ رہا تھا تمہیں
koi bata do yaar,کوئی بتا دو یار
koi zaroorat nahi iske liye,کوئی ضرورت نہیں اس کے لیے
abhi aa raha hun,ابھی آ رہا ہوں
abhi nahi,ابھی نہیں
abhi karo,ابھی کرو
abhi waqt nahi,ابھی وقت نہیں
abhi ghar hun,ابھی گھر ہوں
abhi soona tha,ابھی سونا تھا
abhi busy hun,ابھی بزی ہوں
abhi baat nahi kar sakta,ابھی بات نہیں کر سکتا
abhi thoda rukna padega,ابھی تھوڑا رکنا پڑے گا
abhi kya ho raha hai wahan,ابھی کیا ہو رہا ہے وہاں
abhi to aya tha,ابھی تو آیا تھا
abhi aao jaldi,ابھی آؤ جلدی
abhi bata do nahi to bhool jaoonga,ابھی بتا دو نہیں تو بھول جاؤں گا
abhi test hai kuch der mein,ابھی ٹیسٹ ہے کچھ دیر میں
abhi nahi kar sakta yaar,ابھی نہیں کر سکتا یار
yahan aa jao,یہاں آ جاؤ
main yahan hun,میں یہاں ہوں
yahan mat ruko,یہاں مت رکو
yahan kya ho raha hai,یہاں کیا ہو رہا ہے
yahan rakh do,یہاں رکھ دو
kab tak yahan ho,کب تک یہاں ہو
yahan bohot garmi hai,یہاں بہت گرمی ہے
yahan signal nahi aata,یہاں سگنل نہیں آتا
yahan paani nahi hai,یہاں پانی نہیں ہے
yahan koi nahi tha,یہاں کوئی نہیں تھا
wahan ja ke dekho,وہاں جا کے دیکھو
wahan kya tha,وہاں کیا تھا
wahan log bahut hain,وہاں لوگ بہت ہیں
wahan nahi jaoonga,وہاں نہیں جاؤں گا
wahan se aa gaye,وہاں سے آ گئے
wahan koi nahi tha,وہاں کوئی نہیں تھا
wahan bahut der lagegi,وہاں بہت دیر لگے گی
wahan theek se nahi tha kaam,وہاں ٹھیک سے نہیں تھا کام
nahi karna mujhe,نہیں کرنا مجھے
nahi aaunga main,نہیں آؤں گا میں
nahi pata mujhe,نہیں پتہ مجھے
nahi chahiye yeh,نہیں چاہیے یہ
nahi tha wahan,نہیں تھا وہاں
nahi hona chahiye tha,نہیں ہونا چاہیے تھا
nahi samjha tune,نہیں سمجھا تم نے
bilkul nahi,بالکل نہیں
nahi nahi,نہیں نہیں
haan ya nahi,ہاں یا نہیں
mat jao abhi,مت جاؤ ابھی
mat karo aisa,مت کرو ایسا
mat bolo yeh,مت بولو یہ
mat dekho wahan,مت دیکھو وہاں
mat roo,مت رو
mat uthao yeh,مت اٹھاؤ یہ
mat bhejo use,مت بھیجو اسے
mat socho itna,مت سوچو اتنا
raat ko aana,رات کو آنا
raat bahut ho gayi,رات بہت ہو گئی
raat mein mat niklo,رات میں مت نکلو
kal raat kya hua tha,کل رات کیا ہوا تھا
raat bhar jaag raha tha,رات بھر جاگ رہا تھا
raat ka khana kha liya,رات کا کھانا کھا لیا
raat gaye aa gaye,رات گئے آ گئے
is raat mujhe neend nahi aayi,اس رات مجھے نیند نہیں آئی
subah jaldi uthna tha,صبح جلدی اٹھنا تھا
subah uth nahi saka,صبح اٹھ نہیں سکا
subah se bhookha hun,صبح سے بھوکا ہوں
subah ki chai pee lo,صبح کی چائے پی لو
subah subah shuru ho gaya,صبح صبح شروع ہو گیا
subah kisi ne call kiya tha,صبح کسی نے کال کیا تھا
shaam ko aana,شام کو آنا
shaam ho gayi bahar abhi tak,شام ہو گئی باہر ابھی تک
shaam ko milte hain,شام کو ملتے ہیں
yeh shaam alag thi,یہ شام الگ تھی
shaam tak aa jao,شام تک آ جاؤ
shaam ki chai meri pasandida hai,شام کی چائے میری پسندیدہ ہے
pyar karta hun tujhse,پیار کرتا ہوں تجھ سے
bahut pyar hai mujhe tumse,بہت پیار ہے مجھے تم سے
pyar se bolo,پیار سے بولو
pyar nahi raha ab,پیار نہیں رہا اب
yeh pyar wala rishtaa hai,یہ پیار والا رشتہ ہے
apne bachon se pyar karo,اپنے بچوں سے پیار کرو
pyar mein andha ho jaata hai insaan,پیار میں اندھا ہو جاتا ہے انسان
pyar se kaam nikalta hai,پیار سے کام نکلتا ہے
usse bahut pyar hai mujhe,اسے بہت پیار ہے مجھے
pyar ek baar hota hai,پیار ایک بار ہوتا ہے
mohabbat karna aasan nahi,محبت کرنا آسان نہیں
uski mohabbat sachchi thi,اس کی محبت سچی تھی
mohabbat mein dhoka mila,محبت میں دھوکہ ملا
mohabbat aur pyar mein farq hota hai,محبت اور پیار میں فرق ہوتا ہے
sachchi mohabbat to woh thi,سچی محبت تو وہ تھی
paisa nahi hai,پیسہ نہیں ہے
paise khatam ho gaye,پیسے ختم ہو گئے
paise de do,پیسے دے دو
paise wapas karo,پیسے واپس کرو
paise mang rahe ho kya,پیسے مانگ رہے ہو کیا
itne paise kahan se aye,اتنے پیسے کہاں سے آئے
paise nahi hain abhi,پیسے نہیں ہیں ابھی
paise save karo,پیسے سیو کرو
paise waste mat karo,پیسے ضائع مت کرو
paise se sab kuch nahi milta,پیسے سے سب کچھ نہیں ملتا
thode paise ude,تھوڑے پیسے اڑے
paise ki zaroorat thi,پیسے کی ضرورت تھی
paise se zyada waqt zaroori hai,پیسے سے زیادہ وقت ضروری ہے
paise kahan rakh liye tune,پیسے کہاں رکھ لیے تم نے
ghar ka kiraaya dena hai paise,گھر کا کرایہ دینا ہے پیسے
waqt nahi hai,وقت نہیں ہے
waqt se aao,وقت سے آؤ
waqt barbad mat karo,وقت برباد مت کرو
bahut waqt ho gaya,بہت وقت ہو گیا
waqt mile to aana,وقت ملے تو آنا
waqt kitna bura tha,وقت کتنا برا تھا
waqt ke saath sab theek ho jata hai,وقت کے ساتھ سب ٹھیک ہو جاتا ہے
waqt ki baat hai,وقت کی بات ہے
kuch waqt do mujhe,کچھ وقت دو مجھے
waqt nahi tha uss waqt,وقت نہیں تھا اس وقت
time nahi hai abhi,ٹائم نہیں ہے ابھی
time se aa jao,ٹائم سے آ جاؤ
kitna time lagega,کتنا ٹائم لگے گا
time waste mat karo,ٹائم ویسٹ مت کرو
time nahi tha yaar,ٹائم نہیں تھا یار
time mil gaya to aata hun,ٹائم مل گیا تو آتا ہوں
part time kaam karta hun,پارٹ ٹائم کام کرتا ہوں
time pe pohanch gaye,ٹائم پہ پہنچ گئے
kaam karo,کام کرو
kaam nahi hua,کام نہیں ہوا
kaam chal raha hai,کام چل رہا ہے
kaam ho gaya,کام ہو گیا
kaam se aa raha hun,کام سے آ رہا ہوں
bahut kaam hai aaj,بہت کام ہے آج
kaam wala banda hai,کام والا بندہ ہے
kaam pe dhyan do,کام پہ دھیان دو
kaam khatam ho gaya,کام ختم ہو گیا
achha kaam kiya,اچھا کام کیا
kaam pe nahi gaya aaj,کام پہ نہیں گیا آج
kaam seekhna chahiye,کام سیکھنا چاہیے
kam khao zyada mat khao,کم کھاؤ زیادہ مت کھاؤ
kam so rahe ho yaar,کم سو رہے ہو یار
paise kam hain,پیسے کم ہیں
kam se kam itna to karo,کم سے کم اتنا تو کرو
kam bolo zyada suno,کم بولو زیادہ سنو
uski salary kam hai,اس کی تنخواہ کم ہے
kam log aaye the,کم لوگ آئے تھے
kam umar mein bahut kuch seekha,کم عمر میں بہت کچھ سیکھا
baat karo mujhse,بات کرو مجھ سے
kya baat hai,کیا بات ہے
baat sunlo,بات سن لو
baat mat karo isse,بات مت کرو اس سے
baat nahi karni mujhe,بات نہیں کرنی مجھے
teri baat sahi hai,تیری بات سہی ہے
yeh baat sach nahi,یہ بات سچ نہیں
koi baat nahi yaar,کوئی بات نہیں یار
baat poori karo pehle,بات پوری کرو پہلے
teri baat sun raha hun,تیری بات سن رہا ہوں
baat seedhi karo,بات سیدھی کرو
baat alag hai,بات الگ ہے
iss baat se mujhe gussa aata hai,اس بات سے مجھے غصہ آتا ہے
pehle baat sunni chahiye thi,پہلے بات سننی چاہیے تھی
baat khatam karo ab,بات ختم کرو اب
yeh baat dil pe lag gayi,یہ بات دل پہ لگ گئی
baat itni badi nahi thi,بات اتنی بڑی نہیں تھی
baat wahan tak pahonch gayi,بات وہاں تک پہنچ گئی
yeh zindagi hai,یہ زندگی ہے
zindagi mein aisa hota hai,زندگی میں ایسا ہوتا ہے
zindagi bhar yaad rahega,زندگی بھر یاد رہے گا
zindagi barbad ho gayi,زندگی برباد ہو گئی
zindagi bahut mushkil ho gayi hai,زندگی بہت مشکل ہو گئی ہے
zindagi mein aage badhna hai,زندگی میں آگے بڑھنا ہے
meri zindagi mein woh bahut zaroori hai,میری زندگی میں وہ بہت ضروری ہے
zindagi chhoti hai mat gawao,زندگی چھوٹی ہے مت گواؤ
apni life theek karo pehle,اپنی لائف ٹھیک کرو پہلے
life mein ek hi baar hota hai,لائف میں ایک ہی بار ہوتا ہے
life bahut short hai yaar,لائف بہت شورٹ ہے یار
personal life mein mat ghuso,پرسنل لائف میں مت گھسو
life pe mat lo itna,لائف پہ مت لو اتنا
life se pyar karo,لائف سے پیار کرو
